course_id,course_title,course_url,description,learning_outcomes,official_competencies,normalized_competencies,competency_category,tags,provider,author_creator,duration,course_type,difficulty_level,target_role,modules,assessments_available,language,license,source_url,extraction_note
do_1144751221174108161801,Artificial Intelligence for Public Governance,https://portal.igotkarmayogi.gov.in/app/toc/do_1144751221174108161801/overview,NULL,NULL,NULL,NULL,NULL,NULL,Kyndryl & Data Security Council of India,Kyndryl & Data Security Council of India,2h 42m,iGOT native self-paced course,Beginner,NULL,NULL,NULL,NULL,NULL,https://cdnbbsr.s3waas.gov.in/s3f7696a9b362ac5a51c3dc8f098b73923/uploads/2026/04/20260401805284386.pdf,Course ID/URL reconstructed from a line-wrapped PDF table cell; digits verified against source text but NOT independently confirmed by loading the live iGOT page (page requires JavaScript/login). Recommend spot-verification before production use.
do_11435133174226124811008,Large Language Models: Concepts and Applications,https://portal.igotkarmayogi.gov.in/app/toc/do_11435133174226124811008/overview,NULL,NULL,NULL,NULL,NULL,NULL,IIT Hyderabad,IIT Hyderabad,1h 31m,iGOT native self-paced course,Beginner,NULL,NULL,NULL,NULL,NULL,https://cdnbbsr.s3waas.gov.in/s3f7696a9b362ac5a51c3dc8f098b73923/uploads/2026/04/20260401805284386.pdf,Course ID/URL reconstructed from a line-wrapped PDF table cell; digits verified against source text but NOT independently confirmed by loading the live iGOT page (page requires JavaScript/login). Recommend spot-verification before production use.
do_114367967480078336157,Deep Tech and India,https://portal.igotkarmayogi.gov.in/app/toc/do_114367967480078336157/overview,NULL,NULL,NULL,NULL,NULL,NULL,ORF,ORF,53m,iGOT native self-paced course,Beginner,NULL,NULL,NULL,NULL,NULL,https://cdnbbsr.s3waas.gov.in/s3f7696a9b362ac5a51c3dc8f098b73923/uploads/2026/04/20260401805284386.pdf,Course ID/URL reconstructed from a line-wrapped PDF table cell; digits verified against source text but NOT independently confirmed by loading the live iGOT page (page requires JavaScript/login). Recommend spot-verification before production use.
do_1142424672815677441135,AI in Government: Transforming Public Service Delivery,https://portal.igotkarmayogi.gov.in/app/toc/do_1142424672815677441135/overview,NULL,NULL,NULL,NULL,NULL,NULL,Indian Institute of Science (IISc) Bengaluru,Indian Institute of Science (IISc) Bengaluru,1h 16m,iGOT native self-paced course,Beginner,NULL,NULL,NULL,NULL,NULL,https://cdnbbsr.s3waas.gov.in/s3f7696a9b362ac5a51c3dc8f098b73923/uploads/2026/04/20260401805284386.pdf,Course ID/URL reconstructed from a line-wrapped PDF table cell; digits verified against source text but NOT independently confirmed by loading the live iGOT page (page requires JavaScript/login). Recommend spot-verification before production use.
do_1145242891094835201284,Artificial Intelligence for Karmayogis | Artificial Intelligence for Smarter Governance,https://portal.igotkarmayogi.gov.in/app/toc/do_1145242891094835201284/overview,NULL,NULL,NULL,NULL,NULL,NULL,Karmayogi Bharat,Karmayogi Bharat,1h 34m,iGOT native self-paced course,Beginner,NULL,NULL,NULL,NULL,NULL,https://cdnbbsr.s3waas.gov.in/s3f7696a9b362ac5a51c3dc8f098b73923/uploads/2026/04/20260401805284386.pdf,Course ID/URL reconstructed from a line-wrapped PDF table cell; digits verified against source text but NOT independently confirmed by loading the live iGOT page (page requires JavaScript/login). Recommend spot-verification before production use.
do_1144314741016166401174,YUVA AI for All,https://portal.igotkarmayogi.gov.in/app/toc/do_1144314741016166401174/overview,NULL,NULL,NULL,NULL,NULL,NULL,India AI Mission,India AI Mission,3h 50m,iGOT native self-paced course,Beginner,NULL,NULL,NULL,NULL,NULL,https://cdnbbsr.s3waas.gov.in/s3f7696a9b362ac5a51c3dc8f098b73923/uploads/2026/04/20260401805284386.pdf,Course ID/URL reconstructed from a line-wrapped PDF table cell; digits verified against source text but NOT independently confirmed by loading the live iGOT page (page requires JavaScript/login). Recommend spot-verification before production use.
do_114371136825573376161,Introduction to Artificial Intelligence,https://portal.igotkarmayogi.gov.in/app/toc/do_114371136825573376161/overview,NULL,NULL,NULL,NULL,NULL,NULL,IIT Madras,IIT Madras,1h 2m,iGOT native self-paced course,Beginner,NULL,NULL,NULL,NULL,NULL,https://cdnbbsr.s3waas.gov.in/s3f7696a9b362ac5a51c3dc8f098b73923/uploads/2026/04/20260401805284386.pdf,Course ID/URL reconstructed from a line-wrapped PDF table cell; digits verified against source text but NOT independently confirmed by loading the live iGOT page (page requires JavaScript/login). Recommend spot-verification before production use.
do_1143584122272481281396,"[Hindi title - Devanagari script, garbled in source PDF text extraction] (approx. 'Fundamentals of Artificial Intelligence: Learning, Application and Ethics')",https://portal.igotkarmayogi.gov.in/app/toc/do_1143584122272481281396/overview,NULL,NULL,NULL,NULL,NULL,NULL,Microsoft,Microsoft,1h 34m,iGOT native self-paced course,Beginner,NULL,NULL,NULL,Hindi or Marathi (exact language unconfirmed; script rendering corrupted in source PDF),NULL,https://cdnbbsr.s3waas.gov.in/s3f7696a9b362ac5a51c3dc8f098b73923/uploads/2026/04/20260401805284386.pdf,"Course ID/URL reconstructed from a line-wrapped PDF table cell; digits verified against source text but NOT independently confirmed by loading the live iGOT page (page requires JavaScript/login). Recommend spot-verification before production use. Title text was non-Latin script that came out corrupted/garbled during PDF text extraction; the bracketed approximate English gloss is an aid for human reviewers only, NOT a verified official title -- treat as UNVERIFIED and re-extract from source PDF or portal directly."
do_1144377652256768001186,"[Hindi title - Devanagari script, garbled in source PDF text extraction] (approx. 'Use of Responsible AI in Governance')",https://portal.igotkarmayogi.gov.in/app/toc/do_1144377652256768001186/overview,NULL,NULL,NULL,NULL,NULL,NULL,Wadhwani Foundation,Wadhwani Foundation,44m,iGOT native self-paced course,Beginner,NULL,NULL,NULL,Hindi or Marathi (exact language unconfirmed; script rendering corrupted in source PDF),NULL,https://cdnbbsr.s3waas.gov.in/s3f7696a9b362ac5a51c3dc8f098b73923/uploads/2026/04/20260401805284386.pdf,"Course ID/URL reconstructed from a line-wrapped PDF table cell; digits verified against source text but NOT independently confirmed by loading the live iGOT page (page requires JavaScript/login). Recommend spot-verification before production use. Title text was non-Latin script that came out corrupted/garbled during PDF text extraction; the bracketed approximate English gloss is an aid for human reviewers only, NOT a verified official title -- treat as UNVERIFIED and re-extract from source PDF or portal directly."
do_114318843800133632145,Artificial Intelligence in Finance,https://portal.igotkarmayogi.gov.in/app/toc/do_114318843800133632145/overview,NULL,NULL,NULL,NULL,NULL,NULL,XLRI,XLRI,1h 44m,iGOT native self-paced course,Beginner,NULL,NULL,NULL,NULL,NULL,https://cdnbbsr.s3waas.gov.in/s3f7696a9b362ac5a51c3dc8f098b73923/uploads/2026/04/20260401805284386.pdf,Course ID/URL reconstructed from a line-wrapped PDF table cell; digits verified against source text but NOT independently confirmed by loading the live iGOT page (page requires JavaScript/login). Recommend spot-verification before production use.
do_114371167997878272169,Core Areas of Artificial Intelligence,https://portal.igotkarmayogi.gov.in/app/toc/do_114371167997878272169/overview,NULL,NULL,NULL,NULL,NULL,NULL,IIT Madras,IIT Madras,45m,iGOT native self-paced course,Beginner,NULL,NULL,NULL,NULL,NULL,https://cdnbbsr.s3waas.gov.in/s3f7696a9b362ac5a51c3dc8f098b73923/uploads/2026/04/20260401805284386.pdf,Course ID/URL reconstructed from a line-wrapped PDF table cell; digits verified against source text but NOT independently confirmed by loading the live iGOT page (page requires JavaScript/login). Recommend spot-verification before production use.
do_1144765880866242561928,"[Hindi title - Devanagari script, garbled in source PDF text extraction] (approx. 'YUVA AI for All')",https://portal.igotkarmayogi.gov.in/app/toc/do_1144765880866242561928/overview,NULL,NULL,NULL,NULL,NULL,NULL,India AI Mission,India AI Mission,3h 50m,iGOT native self-paced course,Beginner,NULL,NULL,NULL,Hindi or Marathi (exact language unconfirmed; script rendering corrupted in source PDF),NULL,https://cdnbbsr.s3waas.gov.in/s3f7696a9b362ac5a51c3dc8f098b73923/uploads/2026/04/20260401805284386.pdf,"Course ID/URL reconstructed from a line-wrapped PDF table cell; digits verified against source text but NOT independently confirmed by loading the live iGOT page (page requires JavaScript/login). Recommend spot-verification before production use. Title text was non-Latin script that came out corrupted/garbled during PDF text extraction; the bracketed approximate English gloss is an aid for human reviewers only, NOT a verified official title -- treat as UNVERIFIED and re-extract from source PDF or portal directly."
do_11391672014338457611,Cybersecurity,https://portal.igotkarmayogi.gov.in/app/toc/do_11391672014338457611/overview,NULL,NULL,NULL,NULL,NULL,NULL,upGrad,upGrad,2h 56m,iGOT native self-paced course,Beginner,NULL,NULL,NULL,NULL,NULL,https://cdnbbsr.s3waas.gov.in/s3f7696a9b362ac5a51c3dc8f098b73923/uploads/2026/04/20260401805284386.pdf,Course ID/URL reconstructed from a line-wrapped PDF table cell; digits verified against source text but NOT independently confirmed by loading the live iGOT page (page requires JavaScript/login). Recommend spot-verification before production use.
do_114485182745616384147,Cyber Security Fundamentals and National Initiatives,https://portal.igotkarmayogi.gov.in/app/toc/do_114485182745616384147/overview,NULL,NULL,NULL,NULL,NULL,NULL,NIELIT,NIELIT,1h,iGOT native self-paced course,Beginner,NULL,NULL,NULL,NULL,NULL,https://cdnbbsr.s3waas.gov.in/s3f7696a9b362ac5a51c3dc8f098b73923/uploads/2026/04/20260401805284386.pdf,Course ID/URL reconstructed from a line-wrapped PDF table cell; digits verified against source text but NOT independently confirmed by loading the live iGOT page (page requires JavaScript/login). Recommend spot-verification before production use.
do_114326494177443840183,Cybersecurity Fundamentals for Leaders,https://portal.igotkarmayogi.gov.in/app/toc/do_114326494177443840183/overview,NULL,NULL,NULL,NULL,NULL,NULL,NeGD,NeGD,51m,iGOT native self-paced course,Beginner,NULL,NULL,NULL,NULL,NULL,https://cdnbbsr.s3waas.gov.in/s3f7696a9b362ac5a51c3dc8f098b73923/uploads/2026/04/20260401805284386.pdf,Course ID/URL reconstructed from a line-wrapped PDF table cell; digits verified against source text but NOT independently confirmed by loading the live iGOT page (page requires JavaScript/login). Recommend spot-verification before production use.
do_1142432002191196161252,Cybersecurity (Basic Level),https://portal.igotkarmayogi.gov.in/app/toc/do_1142432002191196161252/overview,NULL,NULL,NULL,NULL,NULL,NULL,IIT Madras,IIT Madras,1h 24m,iGOT native self-paced course,Beginner,NULL,NULL,NULL,NULL,NULL,https://cdnbbsr.s3waas.gov.in/s3f7696a9b362ac5a51c3dc8f098b73923/uploads/2026/04/20260401805284386.pdf,Course ID/URL reconstructed from a line-wrapped PDF table cell; digits verified against source text but NOT independently confirmed by loading the live iGOT page (page requires JavaScript/login). Recommend spot-verification before production use.
do_114433385736724480188,CERT-In and Fundamentals of Cyber Hygiene,https://portal.igotkarmayogi.gov.in/app/toc/do_114433385736724480188/overview,NULL,NULL,NULL,NULL,NULL,NULL,NeGD,NeGD,1h 10m,iGOT native self-paced course,Beginner,NULL,NULL,NULL,NULL,NULL,https://cdnbbsr.s3waas.gov.in/s3f7696a9b362ac5a51c3dc8f098b73923/uploads/2026/04/20260401805284386.pdf,Course ID/URL reconstructed from a line-wrapped PDF table cell; digits verified against source text but NOT independently confirmed by loading the live iGOT page (page requires JavaScript/login). Recommend spot-verification before production use.
do_11431731643726233611211,Staying Safe in Cyberspace,https://portal.igotkarmayogi.gov.in/app/toc/do_11431731643726233611211/overview,NULL,NULL,NULL,NULL,NULL,NULL,CRPF,CRPF,2h 10m,iGOT native self-paced course,Beginner,NULL,NULL,NULL,NULL,NULL,https://cdnbbsr.s3waas.gov.in/s3f7696a9b362ac5a51c3dc8f098b73923/uploads/2026/04/20260401805284386.pdf,Course ID/URL reconstructed from a line-wrapped PDF table cell; digits verified against source text but NOT independently confirmed by loading the live iGOT page (page requires JavaScript/login). Recommend spot-verification before production use.
do_114403087819890688158,Cyber Hygiene Essentials,https://portal.igotkarmayogi.gov.in/app/toc/do_114403087819890688158/overview,NULL,NULL,NULL,NULL,NULL,NULL,JRRPF Academy,JRRPF Academy,1h 53m,iGOT native self-paced course,Beginner,NULL,NULL,NULL,NULL,NULL,https://cdnbbsr.s3waas.gov.in/s3f7696a9b362ac5a51c3dc8f098b73923/uploads/2026/04/20260401805284386.pdf,Course ID/URL reconstructed from a line-wrapped PDF table cell; digits verified against source text but NOT independently confirmed by loading the live iGOT page (page requires JavaScript/login). Recommend spot-verification before production use.
ext_114471827688087552171,Foundations of Cybersecurity,https://portal.igotkarmayogi.gov.in/app/toc/ext/ext_114471827688087552171,NULL,NULL,NULL,NULL,NULL,NULL,Google,Google,10h 10m,iGOT native self-paced course,Beginner,NULL,NULL,NULL,NULL,NULL,https://cdnbbsr.s3waas.gov.in/s3f7696a9b362ac5a51c3dc8f098b73923/uploads/2026/04/20260401805284386.pdf,Course ID/URL reconstructed from a line-wrapped PDF table cell; digits verified against source text but NOT independently confirmed by loading the live iGOT page (page requires JavaScript/login). Recommend spot-verification before production use.
do_1141560657414225921775,"[Marathi title - Devanagari script, garbled in source PDF text extraction] (approx. water-security/water-source-rejuvenation themed)",https://portal.igotkarmayogi.gov.in/app/toc/do_1141560657414225921775/overview,NULL,NULL,NULL,NULL,NULL,NULL,A T E Chandra Foundation,A T E Chandra Foundation,1h 13m,iGOT native self-paced course,Beginner,NULL,NULL,NULL,Hindi or Marathi (exact language unconfirmed; script rendering corrupted in source PDF),NULL,https://cdnbbsr.s3waas.gov.in/s3f7696a9b362ac5a51c3dc8f098b73923/uploads/2026/04/20260401805284386.pdf,"Course ID/URL reconstructed from a line-wrapped PDF table cell; digits verified against source text but NOT independently confirmed by loading the live iGOT page (page requires JavaScript/login). Recommend spot-verification before production use. Title text was non-Latin script that came out corrupted/garbled during PDF text extraction; the bracketed approximate English gloss is an aid for human reviewers only, NOT a verified official title -- treat as UNVERIFIED and re-extract from source PDF or portal directly."
do_114408755027574784176,"[Marathi title - Devanagari script, garbled in source PDF text extraction] (approx. 'Digital Personal Data Protection Act 2023: An Overview')",https://portal.igotkarmayogi.gov.in/app/toc/do_114408755027574784176/overview,NULL,NULL,NULL,NULL,NULL,NULL,Karmayogi Bharat,Karmayogi Bharat,1h 57m,iGOT native self-paced course,Beginner,NULL,NULL,NULL,Hindi or Marathi (exact language unconfirmed; script rendering corrupted in source PDF),NULL,https://cdnbbsr.s3waas.gov.in/s3f7696a9b362ac5a51c3dc8f098b73923/uploads/2026/04/20260401805284386.pdf,"Course ID/URL reconstructed from a line-wrapped PDF table cell; digits verified against source text but NOT independently confirmed by loading the live iGOT page (page requires JavaScript/login). Recommend spot-verification before production use. Title text was non-Latin script that came out corrupted/garbled during PDF text extraction; the bracketed approximate English gloss is an aid for human reviewers only, NOT a verified official title -- treat as UNVERIFIED and re-extract from source PDF or portal directly."
do_1144605637351915521162,"[Marathi title - Devanagari script, garbled in source PDF text extraction] (approx. Maharashtra Asset Registry System introduction)",https://portal.igotkarmayogi.gov.in/app/toc/do_1144605637351915521162/overview,NULL,NULL,NULL,NULL,NULL,NULL,Planning Department,Planning Department,1h 11m,iGOT native self-paced course,Beginner,NULL,NULL,NULL,Hindi or Marathi (exact language unconfirmed; script rendering corrupted in source PDF),NULL,https://cdnbbsr.s3waas.gov.in/s3f7696a9b362ac5a51c3dc8f098b73923/uploads/2026/04/20260401805284386.pdf,"Course ID/URL reconstructed from a line-wrapped PDF table cell; digits verified against source text but NOT independently confirmed by loading the live iGOT page (page requires JavaScript/login). Recommend spot-verification before production use. Title text was non-Latin script that came out corrupted/garbled during PDF text extraction; the bracketed approximate English gloss is an aid for human reviewers only, NOT a verified official title -- treat as UNVERIFIED and re-extract from source PDF or portal directly."
do_113574903071662080178,Do's and Dont's for Government Employees- Hindi,https://portal.igotkarmayogi.gov.in/app/toc/do_113574903071662080178/overview,NULL,NULL,NULL,NULL,NULL,NULL,Institute of Secretariat Training and Management,Institute of Secretariat Training and Management,54m,iGOT native self-paced course,Beginner,NULL,NULL,NULL,NULL,NULL,https://cdnbbsr.s3waas.gov.in/s3f7696a9b362ac5a51c3dc8f098b73923/uploads/2026/04/20260401805284386.pdf,Course ID/URL reconstructed from a line-wrapped PDF table cell; digits verified against source text but NOT independently confirmed by loading the live iGOT page (page requires JavaScript/login). Recommend spot-verification before production use.
do_11363681497528729611020,Microsoft Excel Advanced,https://portal.igotkarmayogi.gov.in/app/toc/do_11363681497528729611020/overview,NULL,NULL,NULL,NULL,NULL,NULL,Microsoft,Microsoft,3h 49m,iGOT native self-paced course,Intermediate,NULL,NULL,NULL,NULL,NULL,https://cdnbbsr.s3waas.gov.in/s3f7696a9b362ac5a51c3dc8f098b73923/uploads/2026/04/20260401805284386.pdf,Course ID/URL reconstructed from a line-wrapped PDF table cell; digits verified against source text but NOT independently confirmed by loading the live iGOT page (page requires JavaScript/login). Recommend spot-verification before production use.
do_11363681486120550411019,Microsoft Word Advanced,https://portal.igotkarmayogi.gov.in/app/toc/do_11363681486120550411019/overview,NULL,NULL,NULL,NULL,NULL,NULL,Microsoft,Microsoft,2h 49m,iGOT native self-paced course,Intermediate,NULL,NULL,NULL,NULL,NULL,https://cdnbbsr.s3waas.gov.in/s3f7696a9b362ac5a51c3dc8f098b73923/uploads/2026/04/20260401805284386.pdf,Course ID/URL reconstructed from a line-wrapped PDF table cell; digits verified against source text but NOT independently confirmed by loading the live iGOT page (page requires JavaScript/login). Recommend spot-verification before production use.
do_1140994741049999361127,Responsible Data Management,https://portal.igotkarmayogi.gov.in/app/toc/do_1140994741049999361127/overview,NULL,NULL,NULL,NULL,NULL,NULL,DataDotOrg,DataDotOrg,1h 58m,iGOT native self-paced course,Intermediate,NULL,NULL,NULL,NULL,NULL,https://cdnbbsr.s3waas.gov.in/s3f7696a9b362ac5a51c3dc8f098b73923/uploads/2026/04/20260401805284386.pdf,Course ID/URL reconstructed from a line-wrapped PDF table cell; digits verified against source text but NOT independently confirmed by loading the live iGOT page (page requires JavaScript/login). Recommend spot-verification before production use.
do_1143089865482649601691,Fundamentals of Public Policy,https://portal.igotkarmayogi.gov.in/app/toc/do_1143089865482649601691/overview,NULL,NULL,NULL,NULL,NULL,NULL,IIM Bangalore,IIM Bangalore,2h 21m,iGOT native self-paced course,Intermediate,NULL,NULL,NULL,NULL,NULL,https://cdnbbsr.s3waas.gov.in/s3f7696a9b362ac5a51c3dc8f098b73923/uploads/2026/04/20260401805284386.pdf,Course ID/URL reconstructed from a line-wrapped PDF table cell; digits verified against source text but NOT independently confirmed by loading the live iGOT page (page requires JavaScript/login). Recommend spot-verification before production use.
do_114371224734089216131,Fundamentals of Generative Artificial Intelligence,https://portal.igotkarmayogi.gov.in/app/toc/do_114371224734089216131/overview,NULL,NULL,NULL,NULL,NULL,NULL,IIT Madras,IIT Madras,58m,iGOT native self-paced course,Intermediate,NULL,NULL,NULL,NULL,NULL,https://cdnbbsr.s3waas.gov.in/s3f7696a9b362ac5a51c3dc8f098b73923/uploads/2026/04/20260401805284386.pdf,Course ID/URL reconstructed from a line-wrapped PDF table cell; digits verified against source text but NOT independently confirmed by loading the live iGOT page (page requires JavaScript/login). Recommend spot-verification before production use.
do_1144065387771084801508,AI Applications in Government,https://portal.igotkarmayogi.gov.in/app/toc/do_1144065387771084801508/overview,NULL,NULL,NULL,NULL,NULL,NULL,NeGD,NeGD,1h 8m,iGOT native self-paced course,Intermediate,NULL,NULL,NULL,NULL,NULL,https://cdnbbsr.s3waas.gov.in/s3f7696a9b362ac5a51c3dc8f098b73923/uploads/2026/04/20260401805284386.pdf,Course ID/URL reconstructed from a line-wrapped PDF table cell; digits verified against source text but NOT independently confirmed by loading the live iGOT page (page requires JavaScript/login). Recommend spot-verification before production use.
do_11440583652548608011174,"[Hindi title - Devanagari script, garbled in source PDF text extraction] (approx. 'AI Ethics in Good Governance')",https://portal.igotkarmayogi.gov.in/app/toc/do_11440583652548608011174/overview,NULL,NULL,NULL,NULL,NULL,NULL,Wadhwani Foundation,Wadhwani Foundation,1h 13m,iGOT native self-paced course,Intermediate,NULL,NULL,NULL,Hindi or Marathi (exact language unconfirmed; script rendering corrupted in source PDF),NULL,https://cdnbbsr.s3waas.gov.in/s3f7696a9b362ac5a51c3dc8f098b73923/uploads/2026/04/20260401805284386.pdf,"Course ID/URL reconstructed from a line-wrapped PDF table cell; digits verified against source text but NOT independently confirmed by loading the live iGOT page (page requires JavaScript/login). Recommend spot-verification before production use. Title text was non-Latin script that came out corrupted/garbled during PDF text extraction; the bracketed approximate English gloss is an aid for human reviewers only, NOT a verified official title -- treat as UNVERIFIED and re-extract from source PDF or portal directly."
ext_114471816202444800118,Advanced Prompt Engineering for Everyone,https://portal.igotkarmayogi.gov.in/app/toc/ext/ext_114471816202444800118,NULL,NULL,NULL,NULL,NULL,NULL,Vanderbilt University,Vanderbilt University,8h 40m,iGOT native self-paced course,Intermediate,NULL,NULL,NULL,NULL,NULL,https://cdnbbsr.s3waas.gov.in/s3f7696a9b362ac5a51c3dc8f098b73923/uploads/2026/04/20260401805284386.pdf,Course ID/URL reconstructed from a line-wrapped PDF table cell; digits verified against source text but NOT independently confirmed by loading the live iGOT page (page requires JavaScript/login). Recommend spot-verification before production use.
ext_114471818487185408124,Build and Execute an Organisational AI Strategy,https://portal.igotkarmayogi.gov.in/app/toc/ext/ext_114471818487185408124,NULL,NULL,NULL,NULL,NULL,NULL,Coursera,Coursera,5h 52m,iGOT native self-paced course,Intermediate,NULL,NULL,NULL,NULL,NULL,https://cdnbbsr.s3waas.gov.in/s3f7696a9b362ac5a51c3dc8f098b73923/uploads/2026/04/20260401805284386.pdf,Course ID/URL reconstructed from a line-wrapped PDF table cell; digits verified against source text but NOT independently confirmed by loading the live iGOT page (page requires JavaScript/login). Recommend spot-verification before production use.
ext_114471827876872192172,AI for Education (Intermediate),https://portal.igotkarmayogi.gov.in/app/toc/ext/ext_114471827876872192172,NULL,NULL,NULL,NULL,NULL,NULL,Kennesaw State University,Kennesaw State University,5h 25m,iGOT native self-paced course,Intermediate,NULL,NULL,NULL,NULL,NULL,https://cdnbbsr.s3waas.gov.in/s3f7696a9b362ac5a51c3dc8f098b73923/uploads/2026/04/20260401805284386.pdf,Course ID/URL reconstructed from a line-wrapped PDF table cell; digits verified against source text but NOT independently confirmed by loading the live iGOT page (page requires JavaScript/login). Recommend spot-verification before production use.
ext_114471829010751488181,AI for Energy and Biomedical Applications,https://portal.igotkarmayogi.gov.in/app/toc/ext/ext_114471829010751488181,NULL,NULL,NULL,NULL,NULL,NULL,University of Michigan,University of Michigan,6h 49m,iGOT native self-paced course,Intermediate,NULL,NULL,NULL,NULL,NULL,https://cdnbbsr.s3waas.gov.in/s3f7696a9b362ac5a51c3dc8f098b73923/uploads/2026/04/20260401805284386.pdf,Course ID/URL reconstructed from a line-wrapped PDF table cell; digits verified against source text but NOT independently confirmed by loading the live iGOT page (page requires JavaScript/login). Recommend spot-verification before production use.
do_1142432175613706241256,Cybersecurity (Intermediate Level),https://portal.igotkarmayogi.gov.in/app/toc/do_1142432175613706241256/overview,NULL,NULL,NULL,NULL,NULL,NULL,IIT Madras,IIT Madras,1h 25m,iGOT native self-paced course,Intermediate,NULL,NULL,NULL,NULL,NULL,https://cdnbbsr.s3waas.gov.in/s3f7696a9b362ac5a51c3dc8f098b73923/uploads/2026/04/20260401805284386.pdf,Course ID/URL reconstructed from a line-wrapped PDF table cell; digits verified against source text but NOT independently confirmed by loading the live iGOT page (page requires JavaScript/login). Recommend spot-verification before production use.
do_1142431111153991681157,Emerging Technologies and Security,https://portal.igotkarmayogi.gov.in/app/toc/do_1142431111153991681157/overview,NULL,NULL,NULL,NULL,NULL,NULL,IIT Madras,IIT Madras,44m,iGOT native self-paced course,Intermediate,NULL,NULL,NULL,NULL,NULL,https://cdnbbsr.s3waas.gov.in/s3f7696a9b362ac5a51c3dc8f098b73923/uploads/2026/04/20260401805284386.pdf,Course ID/URL reconstructed from a line-wrapped PDF table cell; digits verified against source text but NOT independently confirmed by loading the live iGOT page (page requires JavaScript/login). Recommend spot-verification before production use.
ext_114471829986787328184,Strategy and Game Theory for Management,https://portal.igotkarmayogi.gov.in/app/toc/ext/ext_114471829986787328184,NULL,NULL,NULL,NULL,NULL,NULL,"IIM, Ahmedabad","IIM, Ahmedabad",32h 42m,iGOT Marketplace (Coursera / partner-hosted),NULL,NULL,NULL,NULL,NULL,NULL,https://cdnbbsr.s3waas.gov.in/s3f7696a9b362ac5a51c3dc8f098b73923/uploads/2026/04/20260401805284386.pdf,Course ID/URL reconstructed from a line-wrapped PDF table cell; digits verified against source text but NOT independently confirmed by loading the live iGOT page (page requires JavaScript/login). Recommend spot-verification before production use.
ext_114471828231954432176,Leadership Skills,https://portal.igotkarmayogi.gov.in/app/toc/ext/ext_114471828231954432176,NULL,NULL,NULL,NULL,NULL,NULL,"IIM, Ahmedabad","IIM, Ahmedabad",46h 11m,iGOT Marketplace (Coursera / partner-hosted),NULL,NULL,NULL,NULL,NULL,NULL,https://cdnbbsr.s3waas.gov.in/s3f7696a9b362ac5a51c3dc8f098b73923/uploads/2026/04/20260401805284386.pdf,Course ID/URL reconstructed from a line-wrapped PDF table cell; digits verified against source text but NOT independently confirmed by loading the live iGOT page (page requires JavaScript/login). Recommend spot-verification before production use.
ext_114471817693544448133,"Law, Governance, and Public Policy",https://portal.igotkarmayogi.gov.in/app/toc/ext/ext_114471817693544448133,NULL,NULL,NULL,NULL,NULL,NULL,O. P. Jindal Global University,O. P. Jindal Global University,18h 37m,iGOT Marketplace (Coursera / partner-hosted),NULL,NULL,NULL,NULL,NULL,NULL,https://cdnbbsr.s3waas.gov.in/s3f7696a9b362ac5a51c3dc8f098b73923/uploads/2026/04/20260401805284386.pdf,Course ID/URL reconstructed from a line-wrapped PDF table cell; digits verified against source text but NOT independently confirmed by loading the live iGOT page (page requires JavaScript/login). Recommend spot-verification before production use.
ext_114471836936683520192,Introduction to Quantum Information,https://portal.igotkarmayogi.gov.in/app/toc/ext/ext_114471836936683520192,NULL,NULL,NULL,NULL,NULL,NULL,Korea Advanced Institute of Science and Technology (KAIST),Korea Advanced Institute of Science and Technology (KAIST),10h 48m,iGOT Marketplace (Coursera / partner-hosted),NULL,NULL,NULL,NULL,NULL,NULL,https://cdnbbsr.s3waas.gov.in/s3f7696a9b362ac5a51c3dc8f098b73923/uploads/2026/04/20260401805284386.pdf,Course ID/URL reconstructed from a line-wrapped PDF table cell; digits verified against source text but NOT independently confirmed by loading the live iGOT page (page requires JavaScript/login). Recommend spot-verification before production use.
ext_114471842702008320196,Negotiation Fundamentals,https://portal.igotkarmayogi.gov.in/app/toc/ext/ext_114471842702008320196,NULL,NULL,NULL,NULL,NULL,NULL,ESSEC Business School,ESSEC Business School,8h 39m,iGOT Marketplace (Coursera / partner-hosted),NULL,NULL,NULL,NULL,NULL,NULL,https://cdnbbsr.s3waas.gov.in/s3f7696a9b362ac5a51c3dc8f098b73923/uploads/2026/04/20260401805284386.pdf,Course ID/URL reconstructed from a line-wrapped PDF table cell; digits verified against source text but NOT independently confirmed by loading the live iGOT page (page requires JavaScript/login). Recommend spot-verification before production use.
ext_114471819367686144139,Analysis and Interpretation of Large-Scale Programs,https://portal.igotkarmayogi.gov.in/app/toc/ext/ext_114471819367686144139,NULL,NULL,NULL,NULL,NULL,NULL,Johns Hopkins University,Johns Hopkins University,21h 6m,iGOT Marketplace (Coursera / partner-hosted),NULL,NULL,NULL,NULL,NULL,NULL,https://cdnbbsr.s3waas.gov.in/s3f7696a9b362ac5a51c3dc8f098b73923/uploads/2026/04/20260401805284386.pdf,Course ID/URL reconstructed from a line-wrapped PDF table cell; digits verified against source text but NOT independently confirmed by loading the live iGOT page (page requires JavaScript/login). Recommend spot-verification before production use.
ext_114471830248448000156,Forest Carbon Credits and Initiatives,https://portal.igotkarmayogi.gov.in/app/toc/ext/ext_114471830248448000156,NULL,NULL,NULL,NULL,NULL,NULL,Michigan State University,Michigan State University,6h,iGOT Marketplace (Coursera / partner-hosted),NULL,NULL,NULL,NULL,NULL,NULL,https://cdnbbsr.s3waas.gov.in/s3f7696a9b362ac5a51c3dc8f098b73923/uploads/2026/04/20260401805284386.pdf,Course ID/URL reconstructed from a line-wrapped PDF table cell; digits verified against source text but NOT independently confirmed by loading the live iGOT page (page requires JavaScript/login). Recommend spot-verification before production use.
ext_114471831709081600161,Design Thinking and Predictive Analytics for Data Products,https://portal.igotkarmayogi.gov.in/app/toc/ext/ext_114471831709081600161,NULL,NULL,NULL,NULL,NULL,NULL,University of California San Diego,University of California San Diego,8h 25m,iGOT Marketplace (Coursera / partner-hosted),NULL,NULL,NULL,NULL,NULL,NULL,https://cdnbbsr.s3waas.gov.in/s3f7696a9b362ac5a51c3dc8f098b73923/uploads/2026/04/20260401805284386.pdf,Course ID/URL reconstructed from a line-wrapped PDF table cell; digits verified against source text but NOT independently confirmed by loading the live iGOT page (page requires JavaScript/login). Recommend spot-verification before production use.
ext_114471826132869120165,Effective Engagement of Civil Society in Development,https://portal.igotkarmayogi.gov.in/app/toc/ext/ext_114471826132869120165,NULL,NULL,NULL,NULL,NULL,NULL,Erasmus University Rotterdam,Erasmus University Rotterdam,13h 19m,iGOT Marketplace (Coursera / partner-hosted),NULL,NULL,NULL,NULL,NULL,NULL,https://cdnbbsr.s3waas.gov.in/s3f7696a9b362ac5a51c3dc8f098b73923/uploads/2026/04/20260401805284386.pdf,Course ID/URL reconstructed from a line-wrapped PDF table cell; digits verified against source text but NOT independently confirmed by loading the live iGOT page (page requires JavaScript/login). Recommend spot-verification before production use.
ext_114471819373109248140,Blockchain Platforms,https://portal.igotkarmayogi.gov.in/app/toc/ext/ext_114471819373109248140,NULL,NULL,NULL,NULL,NULL,NULL,"University at Buffalo, The State University of New York","University at Buffalo, The State University of New York",16h 16m,iGOT Marketplace (Coursera / partner-hosted),NULL,NULL,NULL,NULL,NULL,NULL,https://cdnbbsr.s3waas.gov.in/s3f7696a9b362ac5a51c3dc8f098b73923/uploads/2026/04/20260401805284386.pdf,Course ID/URL reconstructed from a line-wrapped PDF table cell; digits verified against source text but NOT independently confirmed by loading the live iGOT page (page requires JavaScript/login). Recommend spot-verification before production use.
ext_114471816782184448129,Trade and Investment: Evidence-based policies for development,https://portal.igotkarmayogi.gov.in/app/toc/ext/ext_114471816782184448129,NULL,NULL,NULL,NULL,NULL,NULL,"Erasmus University, Rotterdam","Erasmus University, Rotterdam",17h 2m,iGOT Marketplace (Coursera / partner-hosted),NULL,NULL,NULL,NULL,NULL,NULL,https://cdnbbsr.s3waas.gov.in/s3f7696a9b362ac5a51c3dc8f098b73923/uploads/2026/04/20260401805284386.pdf,Course ID/URL reconstructed from a line-wrapped PDF table cell; digits verified against source text but NOT independently confirmed by loading the live iGOT page (page requires JavaScript/login). Recommend spot-verification before production use.
NULL,Overview of Basic Statistics,NULL,NULL,NULL,NULL,"Statistics -> Official Statistics / Survey Methodology (analyst-assigned, based on title only, NOT an iGOT-native tag)",Statistical Competencies,NULL,NULL,NULL,2h 5m,iGOT native self-paced course (inferred; course platform is iGOT per surrounding document context),NULL,NULL,NULL,NULL,NULL,NULL,https://www.mospi.gov.in/uploads/announcements/announcements_1775034332154_0ff2d7ab-39ac-49a5-b01a-8c9d5966bea3_NSSTA_OM_1.4.26_.pdf,Course ID and direct course URL were NOT printed in this source document (only title + duration were listed under 'Annexure II'). This course could not be located on the live iGOT portal because course pages are JavaScript-rendered and require an authenticated session to browse/search. Field left NULL rather than guessed.
NULL,Handling Unit Level Data of Household Consumption Expenditure Survey,NULL,NULL,NULL,NULL,"Statistics -> Official Statistics / Survey Methodology (analyst-assigned, based on title only, NOT an iGOT-native tag)",Statistical Competencies,NULL,NULL,NULL,2h 5m,iGOT native self-paced course (inferred; course platform is iGOT per surrounding document context),NULL,NULL,NULL,NULL,NULL,NULL,https://www.mospi.gov.in/uploads/announcements/announcements_1775034332154_0ff2d7ab-39ac-49a5-b01a-8c9d5966bea3_NSSTA_OM_1.4.26_.pdf,Course ID and direct course URL were NOT printed in this source document (only title + duration were listed under 'Annexure II'). This course could not be located on the live iGOT portal because course pages are JavaScript-rendered and require an authenticated session to browse/search. Field left NULL rather than guessed.
NULL,Handling Unit Level Data of Annual Survey of Industries,NULL,NULL,NULL,NULL,"Statistics -> Official Statistics / Survey Methodology (analyst-assigned, based on title only, NOT an iGOT-native tag)",Statistical Competencies,NULL,NULL,NULL,23m 45s,iGOT native self-paced course (inferred; course platform is iGOT per surrounding document context),NULL,NULL,NULL,NULL,NULL,NULL,https://www.mospi.gov.in/uploads/announcements/announcements_1775034332154_0ff2d7ab-39ac-49a5-b01a-8c9d5966bea3_NSSTA_OM_1.4.26_.pdf,Course ID and direct course URL were NOT printed in this source document (only title + duration were listed under 'Annexure II'). This course could not be located on the live iGOT portal because course pages are JavaScript-rendered and require an authenticated session to browse/search. Field left NULL rather than guessed.
NULL,Handling Data of Annual Survey of Unincorporated Sector Enterprises,NULL,NULL,NULL,NULL,"Statistics -> Official Statistics / Survey Methodology (analyst-assigned, based on title only, NOT an iGOT-native tag)",Statistical Competencies,NULL,NULL,NULL,27m 55s,iGOT native self-paced course (inferred; course platform is iGOT per surrounding document context),NULL,NULL,NULL,NULL,NULL,NULL,https://www.mospi.gov.in/uploads/announcements/announcements_1775034332154_0ff2d7ab-39ac-49a5-b01a-8c9d5966bea3_NSSTA_OM_1.4.26_.pdf,Course ID and direct course URL were NOT printed in this source document (only title + duration were listed under 'Annexure II'). This course could not be located on the live iGOT portal because course pages are JavaScript-rendered and require an authenticated session to browse/search. Field left NULL rather than guessed.
NULL,Know Your Ministry - Ministry of Statistics and Programme Implementation,NULL,NULL,NULL,NULL,"Statistics -> Official Statistics / Survey Methodology (analyst-assigned, based on title only, NOT an iGOT-native tag)",Statistical Competencies,NULL,NULL,NULL,1h 10m,iGOT native self-paced course (inferred; course platform is iGOT per surrounding document context),NULL,NULL,NULL,NULL,NULL,NULL,https://www.mospi.gov.in/uploads/announcements/announcements_1775034332154_0ff2d7ab-39ac-49a5-b01a-8c9d5966bea3_NSSTA_OM_1.4.26_.pdf,Course ID and direct course URL were NOT printed in this source document (only title + duration were listed under 'Annexure II'). This course could not be located on the live iGOT portal because course pages are JavaScript-rendered and require an authenticated session to browse/search. Field left NULL rather than guessed.
do_1140561554800394241156,Nation Branding,https://portal.igotkarmayogi.gov.in/app/toc/do_1140561554800394241156/overview,NULL,NULL,NULL,NULL,NULL,NULL,NULL,NULL,NULL,iGOT native self-paced course,NULL,NULL,NULL,NULL,NULL,NULL,https://niepvd.nic.in/igot31march/,"Course ID taken from an external government circular reproducing an iGOT deep-link. Attempted to fetch the live overview page directly; it returned only a JavaScript-shell (no content), so title was NOT independently re-confirmed against the live page -- provider/duration/description could not be verified and are left NULL."
do_113981544641339392163,Design Thinking for Excellence in Public Services,https://portal.igotkarmayogi.gov.in/app/toc/do_113981544641339392163/overview,NULL,NULL,NULL,NULL,NULL,NULL,NULL,NULL,NULL,iGOT native self-paced course,NULL,NULL,NULL,NULL,NULL,NULL,https://niepvd.nic.in/igot31march/,"Course ID taken from an external government circular reproducing an iGOT deep-link. Attempted to fetch the live overview page directly; it returned only a JavaScript-shell (no content), so title was NOT independently re-confirmed against the live page -- provider/duration/description could not be verified and are left NULL."
do_1141534070151987201679,"Overview of Viksit Bharat, 2047",https://portal.igotkarmayogi.gov.in/app/toc/do_1141534070151987201679/overview,NULL,NULL,NULL,NULL,NULL,NULL,NULL,NULL,NULL,iGOT native self-paced course,NULL,NULL,NULL,NULL,NULL,NULL,https://niepvd.nic.in/igot31march/,"Course ID taken from an external government circular reproducing an iGOT deep-link. Attempted to fetch the live overview page directly; it returned only a JavaScript-shell (no content), so title was NOT independently re-confirmed against the live page -- provider/duration/description could not be verified and are left NULL."
